zip_code_prefix,city,state,lat,lng
1001,"sao paulo",SP,-23.5502,-46.6340
1002,"sao paulo",SP,-23.5481,-46.6350
1003,"sao paulo",SP,-23.5490,-46.6357
1004,"sao paulo",SP,-23.5498,-46.6348
1005,"sao paulo",SP,-23.5495,-46.6367
1006,"sao paulo",SP,-23.5501,-46.6361
1007,"sao paulo",SP,-23.5500,-46.6373
1008,"sao paulo",SP,-23.5460,-46.6359
1009,"sao paulo",SP,-23.5468,-46.6365
1010,"sao paulo",SP,-23.5464,-46.6352
1011,"sao paulo",SP,-23.5469,-46.6356
1012,"são paulo",SP,-23.5478,-46.6349
1013,"sao paulo",SP,-23.5471,-46.6342
1014,"sao paulo",SP,-23.5459,-46.6336
1015,"sao paulo",SP,-23.5477,-46.6316
1016,"sao paulo",SP,-23.5490,-46.6324
1017,"são paulo",SP,-23.5495,-46.6310
1018,"sao paulo",SP,-23.5509,-46.6324
1019,"sao paulo",SP,-23.5518,-46.6309
1020,"são paulo",SP,-23.5523,-46.6300
1021,"sao paulo",SP,-23.5430,-46.6321
1022,"sao paulo",SP,-23.5449,-46.6319
1023,"sao paulo",SP,-23.5423,-46.6314
1024,"são paulo",SP,-23.5414,-46.6299
1025,"sao paulo",SP,-23.5403,-46.6309
1026,"são paulo",SP,-23.5397,-46.6319
1027,"sao paulo",SP,-23.5381,-46.6307
1028,"sao paulo",SP,-23.5359,-46.6336
1029,"sao paulo",SP,-23.5414,-46.6334
1030,"são paulo",SP,-23.5395,-46.6330
1031,"sao paulo",SP,-23.5419,-46.6351
1032,"sao paulo",SP,-23.5401,-46.6352
1033,"sao paulo",SP,-23.5393,-46.6359
1034,"sao paulo",SP,-23.5425,-46.6374
1035,"sao paulo",SP,-23.5416,-46.6415
1036,"sao paulo",SP,-23.5416,-46.6414
1037,"sao paulo",SP,-23.5454,-46.6389
1038,"sao paulo",SP,-23.5439,-46.6400
1039,"sao paulo",SP,-23.5414,-46.6392
1040,"sao paulo",SP,-23.5410,-46.6383
1041,"sao paulo",SP,-23.5439,-46.6400
1042,"sao paulo",SP,-23.5449,-46.6404
1043,"são paulo",SP,-23.5458,-46.6415
1044,"sao paulo",SP,-23.5456,-46.6415
1045,"sao paulo",SP,-23.5423,-46.6425
1046,"sao paulo",SP,-23.5459,-46.6440
1047,"sao paulo",SP,-23.5462,-46.6411
1048,"são paulo",SP,-23.5471,-46.6398
1049,"sao paulo",SP,-23.5470,-46.6392
1050,"sao paulo",SP,-23.5492,-46.6430
1101,"sao paulo",SP,-23.5283,-46.6320
1102,"são paulo",SP,-23.5256,-46.6303
1103,"são paulo",SP,-23.5355,-46.6303
1104,"sao paulo",SP,-23.5350,-46.6296
1105,"sao paulo",SP,-23.5341,-46.6291
1106,"sao paulo",SP,-23.5302,-46.6282
1107,"sao paulo",SP,-23.5261,-46.6296
1108,"sao paulo",SP,-23.5272,-46.6304
1109,"sao paulo",SP,-23.5246,-46.6271
1120,"sao paulo",SP,-23.5302,-46.6395
1121,"sao paulo",SP,-23.5279,-46.6353
1122,"são paulo",SP,-23.5311,-46.6383
1123,"sao paulo",SP,-23.5292,-46.6366
1124,"sao paulo",SP,-23.5282,-46.6331
1125,"sao paulo",SP,-23.5273,-46.6402
1126,"sao paulo",SP,-23.5271,-46.6392
1127,"sao paulo",SP,-23.5255,-46.6416
1128,"sao paulo",SP,-23.5238,-46.6422
1129,"sao paulo",SP,-23.5241,-46.6451
1130,"sao paulo",SP,-23.5248,-46.6449
1131,"sao paulo",SP,-23.5224,-46.6431
1132,"sao paulo",SP,-23.5215,-46.6487
1133,"sao paulo",SP,-23.5204,-46.6533
1134,"são paulo",SP,-23.5189,-46.6527
1135,"sao paulo",SP,-23.5262,-46.6510
1136,"são paulo",SP,-23.5240,-46.6614
1137,"são paulo",SP,-23.5229,-46.6528
1138,"sao paulo",SP,-23.5225,-46.6553
1139,"sao paulo",SP,-23.5207,-46.6659
1140,"sao paulo",SP,-23.5204,-46.6692
1141,"são paulo",SP,-23.5203,-46.6664
1142,"sao paulo",SP,-23.5199,-46.6251
1144,"sao paulo",SP,-23.5236,-46.6724
1150,"sao paulo",SP,-23.5330,-46.6582
1151,"sao paulo",SP,-23.5316,-46.6563
1152,"sao paulo",SP,-23.5299,-46.6553
1153,"são paulo",SP,-23.5299,-46.6535
1154,"sao paulo",SP,-23.5305,-46.6593
1155,"sao paulo",SP,-23.5291,-46.6633
1156,"são paulo",SP,-23.5289,-46.6664
1189,"sao paulo",SP,-23.5321,-46.6384
1200,"sao paulo",SP,-23.5316,-46.6499
1201,"sao paulo",SP,-23.5361,-46.6495
1202,"sao paulo",SP,-23.5337,-46.6483
1203,"sao paulo",SP,-23.5360,-46.6453
1204,"sao paulo",SP,-23.5360,-46.6441
1205,"são paulo",SP,-23.5365,-46.6426
1206,"são paulo",SP,-23.5359,-46.6428
1207,"sao paulo",SP,-23.5392,-46.6387
1208,"sao paulo",SP,-23.5387,-46.6390
1209,"sao paulo",SP,-23.5407,-46.6416
1210,"são paulo",SP,-23.5400,-46.6421
1211,"são paulo",SP,-23.5376,-46.6488
1212,"são paulo",SP,-23.5383,-46.6394
1213,"sao paulo",SP,-23.5365,-46.6404
1214,"sao paulo",SP,-23.5388,-46.6452
1215,"são paulo",SP,-23.5362,-46.6475
1216,"sao paulo",SP,-23.5331,-46.6478
1217,"sao paulo",SP,-23.5327,-46.6489
1218,"sao paulo",SP,-23.5312,-46.6483
1219,"sao paulo",SP,-23.5413,-46.6457
1220,"sao paulo",SP,-23.5445,-46.6460
1221,"sao paulo",SP,-23.5449,-46.6483
1222,"são paulo",SP,-23.5459,-46.6494
1223,"sao paulo",SP,-23.5441,-46.6486
1224,"sao paulo",SP,-23.5418,-46.6524
1225,"sao paulo",SP,-23.5398,-46.6491
1226,"sao paulo",SP,-23.5380,-46.6527
1227,"sao paulo",SP,-23.5462,-46.6584
1228,"sao paulo",SP,-23.5452,-46.6576
1229,"sao paulo",SP,-23.5389,-46.6573
1230,"sao paulo",SP,-23.5363,-46.6571
1231,"sao paulo",SP,-23.5370,-46.6593
1232,"sao paulo",SP,-23.5364,-46.6574
1233,"sao paulo",SP,-23.5362,-46.6617
1234,"sao paulo",SP,-23.5397,-46.6642
1235,"sao paulo",SP,-23.5367,-46.6647
1236,"sao paulo",SP,-23.5436,-46.6674
1237,"sao paulo",SP,-23.5432,-46.6687
1238,"sao paulo",SP,-23.5426,-46.6542
1239,"sao paulo",SP,-23.5431,-46.6311
1240,"sao paulo",SP,-23.5438,-46.6585
1241,"são paulo",SP,-23.5455,-46.6578
1242,"sao paulo",SP,-23.5465,-46.6585
1243,"sao paulo",SP,-23.5481,-46.6592
1244,"sao paulo",SP,-23.5620,-46.6596
1245,"sao paulo",SP,-23.5495,-46.6638
1246,"sao paulo",SP,-23.5535,-46.6663
1247,"são paulo",SP,-23.5506,-46.6687
1248,"são paulo",SP,-23.5479,-46.6680
1249,"sao paulo",SP,-23.5484,-46.6712
1250,"sao paulo",SP,-23.5476,-46.6720
1251,"sao paulo",SP,-23.5484,-46.6748
1252,"sao paulo",SP,-23.5418,-46.6789
1253,"sao paulo",SP,-23.5449,-46.6792
1254,"sao paulo",SP,-23.5433,-46.6809
1255,"sao paulo",SP,-23.5464,-46.6815
1256,"são paulo",SP,-23.5478,-46.6828
1257,"sao paulo",SP,-23.5436,-46.6878
1258,"sao paulo",SP,-23.5440,-46.6869
1259,"sao paulo",SP,-23.5414,-46.6853
1262,"sao paulo",SP,-23.5509,-46.6774
1290,"são paulo",SP,-23.5410,-46.6577
1301,"sao paulo",SP,-23.5493,-46.6509
1302,"sao paulo",SP,-23.5490,-46.6496
1303,"sao paulo",SP,-23.5495,-46.6484
1304,"sao paulo",SP,-23.5541,-46.6552
1305,"sao paulo",SP,-23.5526,-46.6525
1306,"sao paulo",SP,-23.5538,-46.6496
1307,"sao bernardo do campo",SP,-23.5528,-46.6532
1308,"sao paulo",SP,-23.5560,-46.6533
1309,"são paulo",SP,-23.5555,-46.6585
1310,"sao paulo",SP,-23.5617,-46.6560
1311,"sao paulo",SP,-23.5645,-46.6528
1312,"sao paulo",SP,-23.5548,-46.6496
1313,"sao paulo",SP,-23.5561,-46.6506
1314,"sao paulo",SP,-23.5526,-46.6452
1315,"sao paulo",SP,-23.5541,-46.6404
1316,"sao paulo",SP,-23.5530,-46.6394
1317,"sao paulo",SP,-23.5562,-46.6401
1318,"sao paulo",SP,-23.5594,-46.6424
1319,"são paulo",SP,-23.5519,-46.6407
1320,"sao paulo",SP,-23.5580,-46.6393
1321,"sao paulo",SP,-23.5621,-46.6419
1322,"sao paulo",SP,-23.5632,-46.6435
1323,"sao paulo",SP,-23.5657,-46.6415
1324,"sao paulo",SP,-23.5552,-46.6432
1325,"sao paulo",SP,-23.5574,-46.6445
1326,"sao paulo",SP,-23.5565,-46.6454
1327,"sao paulo",SP,-23.5651,-46.6449
1328,"sao paulo",SP,-23.5560,-46.6468
1329,"sao paulo",SP,-23.5620,-46.6473
1330,"sao paulo",SP,-23.5590,-46.6495
1331,"sao paulo",SP,-23.5627,-46.6500
1332,"sao paulo",SP,-23.5596,-46.6525
1333,"sao paulo",SP,-23.5664,-46.6476
1401,"sao paulo",SP,-23.5758,-46.6587
1402,"sao paulo",SP,-23.5748,-46.6574
1403,"são paulo",SP,-23.5688,-46.6534
1404,"sao paulo",SP,-23.5685,-46.6558
1405,"sao paulo",SP,-23.5648,-46.6551
1406,"sao paulo",SP,-23.5748,-46.6703
1407,"sao paulo",SP,-23.5761,-46.6714
1408,"sao paulo",SP,-23.5671,-46.6608
1409,"sao paulo",SP,-23.5615,-46.6583
1410,"são paulo",SP,-23.5628,-46.6609
1411,"sao paulo",SP,-23.5642,-46.6641
1412,"são paulo",SP,-23.5637,-46.6660
1413,"são paulo",SP,-23.5618,-46.6640
1414,"sao paulo",SP,-23.5596,-46.6635
1415,"sao paulo",SP,-23.5561,-46.6605
1416,"sao paulo",SP,-23.5607,-46.6677
1417,"sao paulo",SP,-23.5528,-46.6339
1418,"sao paulo",SP,-23.5641,-46.6553
1419,"sao paulo",SP,-23.5635,-46.6559
1420,"sao paulo",SP,-23.5634,-46.6579
1421,"sao paulo",SP,-23.5633,-46.6602
1422,"sao paulo",SP,-23.5640,-46.6611
1423,"sao paulo",SP,-23.5691,-46.6573
1424,"sao paulo",SP,-23.5680,-46.6614
1425,"sao paulo",SP,-23.5729,-46.6592
1426,"sao paulo",SP,-23.5659,-46.6660
1427,"são paulo",SP,-23.5710,-46.6641
1428,"sao paulo",SP,-23.5739,-46.6623
1429,"são paulo",SP,-23.5764,-46.6629
1430,"sao paulo",SP,-23.6561,-46.6625
1431,"sao paulo",SP,-23.6204,-46.6648
1432,"sao paulo",SP,-23.5765,-46.6658
1433,"são paulo",SP,-23.5784,-46.6684
1434,"sao paulo",SP,-23.5746,-46.6724
1435,"sao paulo",SP,-23.5793,-46.6702
1436,"são paulo",SP,-23.5725,-46.6680
1437,"sao paulo",SP,-23.5721,-46.6715
1438,"são paulo",SP,-23.5698,-46.6723
1439,"sao paulo",SP,-23.5663,-46.6736
1440,"são paulo",SP,-23.5683,-46.6782
1441,"são paulo",SP,-23.5706,-46.6837
1442,"sao paulo",SP,-23.5665,-46.6786
1443,"sao paulo",SP,-23.5683,-46.6845
1444,"sao paulo",SP,-23.5732,-46.6875
1445,"sao paulo",SP,-23.5710,-46.6881
1446,"sao paulo",SP,-23.5756,-46.6755
1447,"sao paulo",SP,-23.5728,-46.6789
1448,"sao paulo",SP,-23.5782,-46.6798
1449,"sao paulo",SP,-23.5761,-46.6800
1450,"sao paulo",SP,-23.5765,-46.6852
1451,"sao paulo",SP,-23.5774,-46.6870
1452,"sao paulo",SP,-23.5750,-46.6889
1453,"sao paulo",SP,-23.5841,-46.6864
1454,"são paulo",SP,-23.5824,-46.6867
1455,"sao paulo",SP,-23.5806,-46.6911
1456,"sao paulo",SP,-23.5768,-46.6910
1457,"sao paulo",SP,-23.5752,-46.6927
1472,"sao paulo",SP,-23.5705,-46.6913
1489,"são paulo",SP,-23.5766,-46.6874
1501,"são paulo",SP,-23.5525,-46.6355
1502,"sao paulo",SP,-23.5546,-46.6355
1503,"são paulo",SP,-23.5577,-46.6368
1504,"sao paulo",SP,-23.5669,-46.6395
1505,"são paulo",SP,-23.5553,-46.6318
1506,"são paulo",SP,-23.5596,-46.6350
1507,"são paulo",SP,-23.5581,-46.6318
1508,"sao paulo",SP,-23.5614,-46.6358
1509,"sao paulo",SP,-23.5670,-46.6358
1510,"sao paulo",SP,-23.5576,-46.6336
1511,"sao paulo",SP,-23.5615,-46.6329
1512,"sao paulo",SP,-23.5537,-46.6295
1513,"sao paulo",SP,-23.5489,-46.6038
1514,"sao paulo",SP,-23.5544,-46.6283
1516,"sao paulo",SP,-23.5591,-46.6155
1517,"sao paulo",SP,-23.5596,-46.6240
1518,"sao paulo",SP,-23.5592,-46.6232
1519,"sao paulo",SP,-23.5609,-46.6248
1520,"são paulo",SP,-23.5594,-46.6202
1521,"sao paulo",SP,-23.5612,-46.6215
1522,"sao paulo",SP,-23.5599,-46.6160
1523,"sao paulo",SP,-23.5642,-46.6169
1524,"sao paulo",SP,-23.5678,-46.6134
1525,"sao paulo",SP,-23.5640,-46.6350
1526,"sao paulo",SP,-23.5660,-46.6309
1527,"sao paulo",SP,-23.5624,-46.6292
1528,"sao paulo",SP,-23.5648,-46.6272
1529,"sao paulo",SP,-23.5684,-46.6346
1530,"sao paulo",SP,-23.5689,-46.6301
1531,"sao paulo",SP,-23.5708,-46.6324
1532,"sao paulo",SP,-23.5705,-46.6361
1533,"sao paulo",SP,-23.5712,-46.6384
1534,"sao paulo",SP,-23.5675,-46.6261
1535,"sao paulo",SP,-23.5724,-46.6252
1536,"sao paulo",SP,-23.5690,-46.6234
1537,"sao paulo",SP,-23.5744,-46.6231
1538,"são paulo",SP,-23.5763,-46.6236
1539,"sao paulo",SP,-23.5712,-46.6204
1540,"sao paulo",SP,-23.5659,-46.6226
1541,"sao paulo",SP,-23.5693,-46.6186
1542,"sao paulo",SP,-23.5711,-46.6241
1543,"sao paulo",SP,-23.5737,-46.6239
1544,"sao paulo",SP,-23.5773,-46.6216
1545,"sao paulo",SP,-23.5810,-46.6183
1546,"são paulo",SP,-23.5790,-46.6220
1547,"sao paulo",SP,-23.5830,-46.6211
1548,"sao paulo",SP,-23.5769,-46.6134
1549,"sao paulo",SP,-23.5763,-46.6156
1550,"sao paulo",SP,-23.5731,-46.6162
1551,"sao paulo",SP,-23.5727,-46.6127
1552,"sao paulo",SP,-23.5695,-46.6113
1553,"sao paulo",SP,-23.5745,-46.6092
2009,"sao paulo",SP,-23.5158,-46.6411
2010,"são paulo",SP,-23.5106,-46.6264
2011,"sao paulo",SP,-23.5044,-46.6266
2012,"sao paulo",SP,-23.5131,-46.6320
2013,"sao paulo",SP,-23.5022,-46.6331
2016,"sao paulo",SP,-23.5040,-46.6257
2017,"são paulo",SP,-23.5007,-46.6347
2018,"sao paulo",SP,-23.4957,-46.6297
2019,"sao paulo",SP,-23.4983,-46.6297
2020,"sao paulo",SP,-23.4965,-46.6333
2021,"sao paulo",SP,-23.4983,-46.6359
2022,"são paulo",SP,-23.5041,-46.6377
2028,"sao paulo",SP,-23.5087,-46.6183
2029,"sao paulo",SP,-23.5094,-46.6193
2030,"sao paulo",SP,-23.5059,-46.6247
2031,"sao paulo",SP,-23.5101,-46.6258
2032,"sao paulo",SP,-23.5111,-46.6238
2033,"sao paulo",SP,-23.4999,-46.6150
2034,"sao paulo",SP,-23.5041,-46.6241
2035,"são paulo",SP,-23.4962,-46.6228
2036,"sao paulo",SP,-23.5017,-46.6208
2037,"sao paulo",SP,-23.4997,-46.6206
2038,"sao paulo",SP,-23.4952,-46.6242
2039,"sao paulo",SP,-23.4930,-46.6216
2040,"sao paulo",SP,-23.4897,-46.6226
2041,"sao paulo",SP,-23.4906,-46.6231
2042,"sao paulo",SP,-23.4942,-46.6164
2043,"sao paulo",SP,-23.4899,-46.6161
2044,"sao paulo",SP,-23.4957,-46.6188
2045,"sao paulo",SP,-23.4961,-46.6164
2046,"sao paulo",SP,-23.4923,-46.6118
2047,"sao paulo",SP,-23.5172,-46.6187
2049,"são paulo",SP,-23.5142,-46.6174
2050,"são paulo",SP,-23.5173,-46.6121
2051,"sao paulo",SP,-23.5100,-46.6078
2052,"sao paulo",SP,-23.5130,-46.6078
2053,"sao paulo",SP,-23.5132,-46.6028
2054,"sao paulo",SP,-23.5172,-46.6067
2055,"sao paulo",SP,-23.5140,-46.6071
2056,"são paulo",SP,-23.5123,-46.6028
2060,"sao paulo",SP,-23.5190,-46.6029
2064,"sao paulo",SP,-23.5177,-46.5980
2065,"sao paulo",SP,-23.5077,-46.6054
2066,"sao paulo",SP,-23.5086,-46.6053
2067,"sao paulo",SP,-23.5067,-46.6037
2068,"sao paulo",SP,-23.5051,-46.6124
2069,"sao paulo",SP,-23.5055,-46.6139
2071,"sao paulo",SP,-23.5043,-46.6064
2072,"sao paulo",SP,-23.5002,-46.6041
2073,"sao paulo",SP,-23.5018,-46.6071
2074,"sao paulo",SP,-23.5052,-46.6004
2075,"sao paulo",SP,-23.5055,-46.6023
2076,"sao paulo",SP,-23.5047,-46.5991
2077,"sao paulo",SP,-23.5023,-46.5973
2078,"sao paulo",SP,-23.5022,-46.5956
2079,"sao paulo",SP,-23.4993,-46.6058
2080,"sao paulo",SP,-23.4977,-46.6054
2081,"sao paulo",SP,-23.4958,-46.6047
2082,"sao paulo",SP,-23.4946,-46.6072
2083,"sao paulo",SP,-23.4953,-46.5979
2084,"sao paulo",SP,-23.4973,-46.5997
2085,"sao paulo",SP,-23.4980,-46.6130
2088,"sao paulo",SP,-23.5042,-46.6207
2089,"sao paulo",SP,-23.5171,-46.6167
2110,"sao paulo",SP,-23.5191,-46.5955
2111,"sao paulo",SP,-23.5176,-46.5928
2112,"são paulo",SP,-23.5174,-46.5905
2113,"são paulo",SP,-23.5177,-46.5892
2114,"sao paulo",SP,-23.5223,-46.5906
2115,"sao paulo",SP,-23.5266,-46.5917
2116,"sao paulo",SP,-23.5201,-46.5852
2117,"são paulo",SP,-23.5187,-46.5937
2118,"sao paulo",SP,-23.5150,-46.5928
2119,"sao paulo",SP,-23.5122,-46.5926
2120,"são paulo",SP,-23.5108,-46.5939
2121,"sao paulo",SP,-23.5122,-46.5897
2122,"sao paulo",SP,-23.5120,-46.5839
2123,"sao paulo",SP,-23.5118,-46.5794
2124,"sao paulo",SP,-23.5070,-46.5771
2125,"sao paulo",SP,-23.5098,-46.5868
2126,"sao paulo",SP,-23.5069,-46.5918
2127,"sao paulo",SP,-23.5056,-46.5873
2128,"sao paulo",SP,-23.5050,-46.5939
2129,"sao paulo",SP,-23.5037,-46.5883
2130,"são paulo",SP,-23.5085,-46.5836
2131,"sao paulo",SP,-23.5043,-46.5825
2132,"sao paulo",SP,-23.5013,-46.5777
2133,"sao paulo",SP,-23.4991,-46.5847
2134,"sao paulo",SP,-23.4986,-46.5798
2135,"sao paulo",SP,-23.4979,-46.5846
2136,"são paulo",SP,-23.4988,-46.5824
2137,"sao paulo",SP,-23.4980,-46.5761
2138,"sao paulo",SP,-23.4935,-46.5745
2139,"são paulo",SP,-23.4905,-46.5735
2140,"sao paulo",SP,NULL,NULL
2141,"sao paulo",SP,-23.4890,-46.5707
2142,"sao paulo",SP,-23.5102,-46.5767
2143,"sao paulo",SP,-23.5072,-46.5750
2144,"sao paulo",SP,-23.5037,-46.5708
2145,"sao paulo",SP,-23.5024,-46.5663
2146,"sao paulo",SP,-23.5010,-46.5709
2147,"são paulo",SP,-23.4984,-46.5652
2150,"sao paulo",SP,-23.4940,-46.5686
2151,"são paulo",SP,-23.4970,-46.5696
2152,"são paulo",SP,-23.4974,-46.5722
2161,"são paulo",SP,-23.4902,-46.5693
2162,"sao paulo",SP,-23.4907,-46.5628
2166,"sao paulo",SP,-23.5252,-46.5840
2167,"sao paulo",SP,-23.5227,-46.5816
2168,"são paulo",SP,-23.5206,-46.5795
2169,"são paulo",SP,-23.5496,-46.6203
2170,"são paulo",SP,-23.5256,-46.5770
2174,"sao paulo",SP,-23.5229,-46.5724
2175,"sao paulo",SP,-23.5159,-46.5749
2176,"sao paulo",SP,-23.5136,-46.5731
2177,"sao paulo",SP,-23.5087,-46.5585
2178,"são paulo",SP,-23.5217,-46.5705
2179,"sao paulo",SP,-23.5204,-46.5682
2180,"sao paulo",SP,-23.5192,-46.5660
2181,"sao paulo",SP,-23.5187,-46.5610
2185,"sao paulo",SP,-23.5147,-46.5675
2186,"sao paulo",SP,-23.5141,-46.5691
2187,"sao paulo",SP,-23.5159,-46.5649
2188,"são paulo",SP,-23.5095,-46.5670
2189,"são paulo",SP,-23.5078,-46.5675
2190,"sao paulo",SP,-23.5071,-46.5640
2201,"são paulo",SP,-23.4862,-46.5920
2202,"sao paulo",SP,-23.4930,-46.5948
2203,"sao paulo",SP,-23.4919,-46.5913
2204,"sao paulo",SP,-23.4874,-46.5922
2205,"sao paulo",SP,-23.4880,-46.5912
2206,"são paulo",SP,-23.4846,-46.5940
2207,"sao paulo",SP,-23.4860,-46.5882
2208,"sao paulo",SP,-23.4830,-46.5895
2209,"sao paulo",SP,-23.4851,-46.5854
2210,"sao paulo",SP,-23.4826,-46.5821
2211,"sao paulo",SP,-23.4974,-46.5936
2212,"sao paulo",SP,-23.4956,-46.5893
2213,"sao paulo",SP,-23.4962,-46.5881
2214,"são paulo",SP,-23.4929,-46.5868
2215,"sao paulo",SP,-23.4908,-46.5834
2216,"sao paulo",SP,-23.4931,-46.5798
2217,"são paulo",SP,-23.4904,-46.5802
2218,"sao paulo",SP,-23.4868,-46.5848
2219,"sao paulo",SP,-23.4908,-46.5859
2220,"sao paulo",SP,-23.4898,-46.5777
2221,"sao paulo",SP,-23.4815,-46.5814
2222,"sao paulo",SP,-23.4826,-46.5756
2223,"sao paulo",SP,-23.4816,-46.5802
2224,"sao paulo",SP,-23.4845,-46.5738
2225,"sao paulo",SP,-23.4827,-46.5751
2226,"sao paulo",SP,-23.4801,-46.5736
2227,"sao paulo",SP,-23.4787,-46.5724
2228,"sao paulo",SP,-23.4755,-46.5715
2229,"sao paulo",SP,-23.4766,-46.5688
2230,"sao paulo",SP,-23.4838,-46.5637
2231,"são paulo",SP,-23.4769,-46.5653
2232,"sao paulo",SP,-23.4757,-46.5640
2233,"sao paulo",SP,-23.4777,-46.5646
2234,"são paulo",SP,-23.4785,-46.5695
2235,"sao paulo",SP,-23.4793,-46.5759
2236,"sao paulo",SP,-23.4726,-46.5682
2237,"sao paulo",SP,-23.5131,-46.5865
2238,"sao paulo",SP,-23.4712,-46.5716
2239,"sao paulo",SP,-23.4853,-46.6091
2240,"sao paulo",SP,-23.4779,-46.6022
2241,"sao paulo",SP,-23.4907,-46.6074
2242,"sao paulo",SP,-23.4876,-46.6040
2243,"sao paulo",SP,-23.4916,-46.6039
2244,"sao paulo",SP,-23.4885,-46.6049
2245,"sao paulo",SP,-23.4848,-46.6066
2246,"sao paulo",SP,-23.4887,-46.6017
2247,"sao paulo",SP,-23.4861,-46.6012
2248,"sao paulo",SP,-23.4832,-46.5994
2249,"sao paulo",SP,-23.4889,-46.5971
2250,"sao paulo",SP,-23.4865,-46.5962
2251,"sao paulo",SP,-23.4775,-46.5903
2252,"sao paulo",SP,-23.4787,-46.5883
2253,"sao paulo",SP,-23.4794,-46.5955
2254,"sao paulo",SP,-23.4812,-46.5934
2255,"sao paulo",SP,-23.4769,-46.5919
2256,"são paulo",SP,-23.4753,-46.5872
2257,"sao paulo",SP,-23.4729,-46.5832
2258,"sao paulo",SP,-23.4760,-46.5819
2259,"são paulo",SP,-23.4718,-46.5810
2260,"sao paulo",SP,-23.4692,-46.5796
2261,"sao paulo",SP,-23.4675,-46.5773
2262,"sao paulo",SP,-23.4655,-46.5748
2263,"são paulo",SP,-23.4635,-46.5758
2264,"são paulo",SP,-23.4623,-46.5766
2265,"são paulo",SP,-23.4743,-46.5920
2266,"são paulo",SP,-23.4771,-46.5982
2267,"sao paulo",SP,-23.4787,-46.6007
2268,"sao paulo",SP,-23.4698,-46.5949
2269,"são paulo",SP,-23.4721,-46.5960
2270,"sao paulo",SP,-23.4725,-46.5930
2271,"sao paulo",SP,-23.4697,-46.5900
2272,"sao paulo",SP,-23.4693,-46.5867
2273,"sao paulo",SP,-23.4635,-46.5862
2274,"sao paulo",SP,-23.4671,-46.5879
2275,"sao paulo",SP,-23.4657,-46.5903
2276,"sao paulo",SP,-23.4612,-46.5841
2277,"sao paulo",SP,-23.4637,-46.5818
2278,"sao paulo",SP,-23.4628,-46.5796
2279,"sao paulo",SP,-23.4669,-46.5800
2280,"sao paulo",SP,-23.4559,-46.5752
2281,"sao paulo",SP,-23.4520,-46.5751
2282,"sao paulo",SP,-23.4431,-46.5678
2284,"sao paulo",SP,-23.4697,-46.5687
2285,NULL,NULL,NULL,NULL
2286,"sao paulo",SP,-23.4086,-46.5796
2288,"sao paulo",SP,-23.4337,-46.5709
2289,"sao paulo",SP,-23.4185,-46.5827
2290,"sao paulo",SP,-23.6005,-46.6553
2301,"sao paulo",SP,-23.4887,-46.6150
2302,"sao paulo",SP,-23.4860,-46.6140
2303,"sao paulo",SP,-23.4820,-46.6105
2304,"sao paulo",SP,-23.4808,-46.6055
2305,"sao paulo",SP,-23.4801,-46.6068
2306,"sao paulo",SP,-23.4634,-46.6035
2307,"sao paulo",SP,-23.4809,-46.6073
2308,"sao paulo",SP,-23.4764,-46.6042
2309,"são paulo",SP,-23.4757,-46.6047
2310,"sao paulo",SP,-23.4728,-46.6007
2311,"são paulo",SP,-23.4691,-46.6017
2312,"são paulo",SP,-23.4648,-46.5987
2313,"sao paulo",SP,-23.4640,-46.5999
2314,"sao paulo",SP,-23.4621,-46.5993
2315,"são paulo",SP,-23.4600,-46.5997
2316,"sao paulo",SP,-23.4623,-46.5938
2317,"sao paulo",SP,-23.4581,-46.5932
2318,"sao paulo",SP,-23.4509,-46.5901
2319,"sao paulo",SP,-23.4497,-46.5934
2320,"sao paulo",SP,-23.4514,-46.5984
2321,"sao paulo",SP,-23.4472,-46.5890
2322,"sao paulo",SP,-23.4457,-46.5937
2323,"sao paulo",SP,-23.4563,-46.6011
2324,"sao paulo",SP,-23.4780,-46.5985
2325,"sao paulo",SP,-23.4535,-46.5860
2326,"sao paulo",SP,-23.4722,-46.6025
2327,"sao paulo",SP,-23.4472,-46.5667
2328,"sao paulo",SP,-23.5189,-46.5973
2329,"são paulo",SP,-23.4836,-46.6067
2330,"são paulo",SP,-23.4856,-46.6175
2331,"sao paulo",SP,-23.4839,-46.6162
2332,"sao paulo",SP,-23.4827,-46.6216
2333,"são paulo",SP,-23.4807,-46.6214
2334,"são paulo",SP,-23.4840,-46.6196
2335,"são paulo",SP,-23.4834,-46.6171
2336,"são paulo",SP,-23.4813,-46.6169
2337,"sao paulo",SP,-23.4787,-46.6145
2338,"sao paulo",SP,-23.4755,-46.6181
2339,"sao paulo",SP,-23.4776,-46.6152
2340,"sao paulo",SP,-23.4596,-46.6157
2341,"sao paulo",SP,-23.4652,-46.6155
2342,"sao paulo",SP,-23.4738,-46.6106
2343,"sao paulo",SP,-23.4686,-46.6055
2344,"sao paulo",SP,-23.4693,-46.6103
2345,"sao paulo",SP,-23.4688,-46.6152
2346,"sao paulo",SP,-23.4712,-46.6082
2347,"sao paulo",SP,-23.4640,-46.6073
2348,"sao paulo",SP,-23.4605,-46.6111
2349,"sao paulo",SP,-23.4598,-46.6044
2350,"sao paulo",SP,-23.4607,-46.6016
2351,"são paulo",SP,-23.4549,-46.5997
2352,"sao paulo",SP,-23.4544,-46.5962
2353,"sao paulo",SP,-23.4526,-46.6053
2354,"sao paulo",SP,-23.4550,-46.6043
2355,"sao paulo",SP,-23.4547,-46.6114
2356,"sao paulo",SP,-23.4510,-46.6122
2357,"sao paulo",SP,-23.4474,-46.6140
2358,"sao paulo",SP,-23.4544,-46.6088
2359,"sao paulo",SP,-23.4459,-46.6192
2360,"sao paulo",SP,-23.4368,-46.5777
2361,"sao paulo",SP,-23.4367,-46.5815
2362,"sao paulo",SP,-23.4792,-46.5796
2363,"são paulo",SP,-23.4323,-46.5761
2364,"são paulo",SP,-23.4339,-46.5811
2365,"sao paulo",SP,-23.4457,-46.5819
2366,"sao paulo",SP,-23.4677,-46.6105
2367,"sao paulo",SP,-23.4623,-46.5938
2368,"sao paulo",SP,-23.4038,-46.5781
2370,"sao paulo",SP,-23.4628,-46.6218
2371,"sao paulo",SP,-23.4590,-46.6187
2372,"sao paulo",SP,-23.4601,-46.6246
2373,"sao paulo",SP,-23.4549,-46.6173
2374,"sao paulo",SP,-23.4548,-46.6214
2375,"sao paulo",SP,-23.4537,-46.6250
2376,"sao paulo",SP,-23.4576,-46.6281
2377,"sao paulo",SP,-23.4568,-46.6318
2378,"sao paulo",SP,-23.4574,-46.6297
2401,"sao paulo",SP,-23.4917,-46.6268
2402,"sao paulo",SP,-23.4903,-46.6271
2403,"sao paulo",SP,-23.4940,-46.6284
2404,"sao paulo",SP,-23.4913,-46.6290
2405,"sao paulo",SP,-23.4895,-46.6329
2406,"sao paulo",SP,-23.4880,-46.6301
2407,"sao paulo",SP,-23.4849,-46.6246
2408,"sao paulo",SP,-23.4825,-46.6273
2409,"sao paulo",SP,-23.4782,-46.6249
2410,"sao paulo",SP,-23.4758,-46.6230
2411,"sao paulo",SP,-23.4756,-46.6243
2413,"sao paulo",SP,-23.4829,-46.6370
2415,"são paulo",SP,-23.4719,-46.6314
2416,"sao paulo",SP,-23.4777,-46.6282
2417,"sao paulo",SP,-23.4776,-46.6301
2418,"sao paulo",SP,-23.4706,-46.6291
2419,"sao paulo",SP,-23.4771,-46.6401
2420,"são paulo",SP,-23.4742,-46.6364
2421,"sao paulo",SP,-23.4737,-46.6327
2422,"sao paulo",SP,-23.4717,-46.6368
2423,"sao paulo",SP,-23.4684,-46.6334
2430,"sao paulo",SP,-23.4821,-46.6454
2431,"sao paulo",SP,-23.4870,-46.6362
2432,"sao paulo",SP,-23.4769,-46.6253
2433,"são paulo",SP,-23.4818,-46.6363
2434,"sao paulo",SP,-23.4833,-46.6394
2435,"sao paulo",SP,-23.4803,-46.6418
2436,"sao paulo",SP,-23.4794,-46.6360
2440,"sao paulo",SP,-23.4777,-46.6482
2441,"sao paulo",SP,-23.4731,-46.6415
2442,"sao paulo",SP,-23.4731,-46.6438
2443,"sao paulo",SP,-23.4730,-46.6474
2450,"sao paulo",SP,-23.4983,-46.6378
2451,"sao paulo",SP,-23.4992,-46.6421
2452,"são paulo",SP,-23.5003,-46.6441
2460,"sao paulo",SP,-23.4907,-46.6375
2461,"sao paulo",SP,-23.4920,-46.6390
2462,"sao paulo",SP,-23.4918,-46.6416
2463,"sao paulo",SP,-23.4885,-46.6455
2464,"sao paulo",SP,-23.4893,-46.6504
2465,"sao paulo",SP,-23.4840,-46.6556
2466,"sao paulo",SP,-23.4954,-46.6424
2467,"são paulo",SP,-23.4913,-46.6463
2468,"sao paulo",SP,-23.4883,-46.6490
2469,"sao paulo",SP,-23.4854,-46.6448
2470,"sao paulo",SP,-23.4850,-46.6492
2471,"sao paulo",SP,-23.4817,-46.6521
2472,"sao paulo",SP,-23.4769,-46.6556
2473,"são paulo",SP,-23.4778,-46.6518
2474,"sao paulo",SP,-23.4773,-46.6565
2475,"sao paulo",SP,-23.4800,-46.6449
2478,"sao paulo",SP,-23.4775,-46.6600
2479,"sao paulo",SP,-23.4751,-46.6565
2501,"sao paulo",SP,-23.5149,-46.6612
2508,"sao paulo",SP,-23.5098,-46.6637
2510,"sao paulo",SP,-23.5130,-46.6520
2511,"sao paulo",SP,-23.5098,-46.6510
2512,"são paulo",SP,-23.5137,-46.6593
2513,"sao paulo",SP,-23.5613,-46.6852
2514,"sao paulo",SP,-23.5106,-46.6552
2515,"sao paulo",SP,-23.5102,-46.6579
2516,"sao paulo",SP,-23.5090,-46.6594
2517,"sao paulo",SP,-23.5073,-46.6642
2518,"sao paulo",SP,-23.5099,-46.6653
2519,"sao paulo",SP,-23.5020,-46.6554
2520,"sao paulo",SP,-23.5032,-46.6557
2521,"sao paulo",SP,-23.5040,-46.6651
2522,"sao paulo",SP,-23.5044,-46.6592
2523,"sao paulo",SP,-23.5058,-46.6556
2524,"sao paulo",SP,-23.5027,-46.6504
2525,"sao paulo",SP,-23.5022,-46.6574
2526,"sao paulo",SP,-23.5030,-46.6468
2530,"sao paulo",SP,-23.5008,-46.6605
2531,"sao paulo",SP,-23.5009,-46.6527
2532,"sao paulo",SP,-23.4998,-46.6555
2533,"sao paulo",SP,-23.4976,-46.6550
2534,"sao paulo",SP,-23.4963,-46.6537
2535,"sao paulo",SP,-23.4974,-46.6495
2536,"sao paulo",SP,-23.4959,-46.6479
2537,"sao paulo",SP,-23.4913,-46.6525
2538,"são paulo",SP,-23.4989,-46.6545
2539,"sao paulo",SP,-23.4948,-46.6581
2540,"sao paulo",SP,-23.4893,-46.6562
2541,"sao paulo",SP,-23.4862,-46.6557
2542,"sao paulo",SP,-23.4870,-46.6587
2543,"sao paulo",SP,-23.4838,-46.6612
2544,"sao paulo",SP,-23.4889,-46.6609
2545,"sao paulo",SP,-23.4924,-46.6626
2546,"sao paulo",SP,-23.5036,-46.6668
2550,"sao paulo",SP,-23.5065,-46.6713
2551,"são paulo",SP,-23.5026,-46.6692
2552,"sao paulo",SP,-23.5080,-46.6612
2553,"sao paulo",SP,-23.4990,-46.6664
2554,"sao paulo",SP,-23.4991,-46.6689
2555,"sao paulo",SP,-23.4937,-46.6662
2556,"sao paulo",SP,-23.4979,-46.6694
2557,"sao paulo",SP,-23.4983,-46.6727
2558,"sao paulo",SP,-23.4961,-46.6746
2559,"são paulo",SP,-23.4931,-46.6724
2560,"sao paulo",SP,-23.4947,-46.6711
2561,"sao paulo",SP,-23.4924,-46.6749
2562,"sao paulo",SP,-23.4869,-46.6738
2563,"sao paulo",SP,-23.4900,-46.6690
2564,"sao paulo",SP,-23.4881,-46.6687
2565,"sao paulo",SP,-23.4866,-46.6684
2566,"sao paulo",SP,-23.4828,-46.6689
2567,"sao paulo",SP,-23.4807,-46.6682
2577,"sao paulo",SP,-23.4882,-46.6789
2598,"sao paulo",SP,-23.5129,-46.6710
2610,"sao paulo",SP,-23.4826,-46.6594
2611,"sao paulo",SP,-23.4678,-46.6482
2612,"são paulo",SP,-23.4727,-46.6638
2613,"sao paulo",SP,-23.4787,-46.6626
2614,"são paulo",SP,-23.4723,-46.6566
2615,"sao paulo",SP,-23.4715,-46.6542
2616,"sao paulo",SP,-23.4692,-46.6546
2617,"são paulo",SP,-23.4664,-46.6587
2618,"são paulo",SP,-23.4684,-46.6500
2630,"sao paulo",SP,-23.4638,-46.6414
2631,"sao paulo",SP,-23.4590,-46.6457
2632,"sao paulo",SP,-23.4645,-46.6492
2633,"sao paulo",SP,-23.4617,-46.6517
2634,"sao paulo",SP,-23.4576,-46.6504
2635,"são paulo",SP,-23.4565,-46.6444
2636,"sao paulo",SP,-23.4533,-46.6451
2637,"sao paulo",SP,-23.4547,-46.6490
2643,"sao paulo",SP,-23.4681,-46.6504
2649,"sao paulo",SP,-23.4606,-46.6626
2650,"sao paulo",SP,-23.4616,-46.6568
2651,"sao paulo",SP,-23.4609,-46.6589
2652,"sao paulo",SP,-23.4576,-46.6567
2653,"são paulo",SP,-23.4534,-46.6584
2670,"sao paulo",SP,-23.4658,-46.6643
2671,"sao paulo",SP,-23.4674,-46.6639
2672,"sao paulo",SP,-23.4599,-46.6664
2673,"sao paulo",SP,-23.4624,-46.6712
2674,"sao paulo",SP,-23.4601,-46.6684
2675,"sao paulo",SP,-23.4568,-46.6709
2676,"sao paulo",SP,-23.4562,-46.6710
2677,"são paulo",SP,-23.4543,-46.6655
2678,"sao paulo",SP,-23.4551,-46.6617
2679,"sao paulo",SP,-23.4569,-46.6648
2680,"sao paulo",SP,-23.4514,-46.6675
2701,"sao paulo",SP,-23.5118,-46.6788
2710,"sao paulo",SP,-23.5081,-46.6738
2712,"sao paulo",SP,-23.5058,-46.6784
2713,"sao paulo",SP,-23.5066,-46.6849
2714,"sao paulo",SP,-23.5061,-46.6871
2715,"são paulo",SP,-23.5042,-46.6821
2716,"são paulo",SP,-23.4946,-46.6850
2717,"sao paulo",SP,-23.4920,-46.6847
2720,"sao paulo",SP,-23.4930,-46.6742
2721,"sao paulo",SP,-23.4967,-46.6746
2722,"sao paulo",SP,-23.5008,-46.6783
2723,"sao paulo",SP,-23.4999,-46.6800
2724,"sao paulo",SP,-23.4977,-46.6817
2725,"sao paulo",SP,-23.4994,-46.6824
2726,"são paulo",SP,-23.5003,-46.6871
2727,"sao paulo",SP,-23.4968,-46.6858
2728,"sao paulo",SP,-23.4958,-46.6882
2729,"sao paulo",SP,-23.5032,-46.6903
2730,"sao paulo",SP,-23.4978,-46.6908
2731,"sao paulo",SP,-23.4981,-46.6924
2732,"sao paulo",SP,-23.5000,-46.6955
2733,"sao paulo",SP,-23.4954,-46.6951
2734,"sao paulo",SP,-23.4910,-46.6941
2735,"sao paulo",SP,-23.4927,-46.6936
2736,"sao paulo",SP,-23.4901,-46.6911
2737,"sao paulo",SP,-23.4877,-46.6902
2738,"são paulo",SP,-23.4914,-46.6886
2739,"são paulo",SP,-23.4794,-46.6811
2750,"sao paulo",SP,-23.4933,-46.6806
2751,"sao paulo",SP,-23.4909,-46.6821
2752,"sao paulo",SP,-23.4942,-46.6829
2753,"sao paulo",SP,-23.4907,-46.6845
2754,"sao paulo",SP,-23.4904,-46.6777
2755,"são paulo",SP,-23.4880,-46.6797
2756,"sao paulo",SP,-23.4860,-46.6776
2757,"sao paulo",SP,-23.4866,-46.6853
2758,"sao paulo",SP,-23.4849,-46.6843
2759,"sao paulo",SP,-23.4840,-46.6831
2760,"sao paulo",SP,-23.4806,-46.6807
2762,"sao paulo",SP,-23.4825,-46.6753
2763,"sao paulo",SP,-23.4790,-46.6758
2764,"são paulo",SP,-23.4797,-46.6777
2765,"sao paulo",SP,-23.4767,-46.6737
2801,"sao paulo",SP,-23.4835,-46.7005
2802,"sao paulo",SP,-23.4855,-46.6954
2803,"sao paulo",SP,-23.4867,-46.6937
2804,"sao paulo",SP,-23.4839,-46.6978
2805,"sao paulo",SP,-23.4790,-46.6978
2806,"sao paulo",SP,-23.4735,-46.6990
2807,"sao paulo",SP,-23.4736,-46.7007
2808,"sao paulo",SP,-23.4687,-46.7029
2809,"sao paulo",SP,-23.4719,-46.7036
2810,"sao paulo",SP,-23.4504,-46.7152
2811,"sao paulo",SP,-23.4760,-46.7028
2812,"sao paulo",SP,-23.4812,-46.6977
2813,"sao paulo",SP,-23.4507,-46.7118
2814,"sao paulo",SP,-23.4580,-46.7079
2815,"sao paulo",SP,-23.4450,-46.7146
2816,"sao paulo",SP,-23.4613,-46.7065
2817,"sao paulo",SP,-23.4632,-46.7024
2820,"são paulo",SP,-23.4528,-46.7090
2829,"sao paulo",SP,-23.4951,-46.7026
2831,"sao paulo",SP,-23.4782,-46.6917
2832,"sao paulo",SP,-23.4812,-46.6937
2833,"sao paulo",SP,-23.4781,-46.6926
2834,"sao paulo",SP,-23.4754,-46.6928
2835,"sao paulo",SP,-23.4715,-46.6946
2836,"sao paulo",SP,-23.4724,-46.6967
2837,"sao paulo",SP,-23.4643,-46.6995
2839,"sao paulo",SP,-23.4775,-46.6829
2840,"sao paulo",SP,-23.4822,-46.6896
2841,"sao paulo",SP,-23.4799,-46.6865
2842,"sao paulo",SP,-23.4752,-46.6874
2844,"sao paulo",SP,-23.4716,-46.6876
2845,"sao paulo",SP,-23.4682,-46.6924
2846,"sao paulo",SP,-23.4624,-46.6977
2847,"sao paulo",SP,-23.4646,-46.6917
2848,"sao paulo",SP,-23.4638,-46.6898
2849,"sao paulo",SP,-23.4640,-46.6873
2850,"são paulo",SP,-23.4665,-46.6735
2851,"sao paulo",SP,-23.4596,-46.6914
2853,"são paulo",SP,-23.4574,-46.6951
2854,"sao paulo",SP,-23.4565,-46.6975
2855,"sao paulo",SP,-23.4562,-46.7007
2856,"são paulo",SP,-23.4640,-46.6798
2857,"sao paulo",SP,-23.6139,-46.7380
2858,"sao paulo",SP,-23.4463,-46.7026
2859,"são paulo",SP,-23.4544,-46.7024
2860,"sao paulo",SP,-23.4604,-46.6860
2861,"são paulo",SP,-23.4713,-46.6719
2862,"sao paulo",SP,-23.4750,-46.6802
2863,"sao paulo",SP,-23.4736,-46.6745
2864,"são paulo",SP,-23.4724,-46.6817
2865,"sao paulo",SP,-23.4746,-46.6769
2866,"sao paulo",SP,-23.4677,-46.6809
2867,"sao paulo",SP,-23.4692,-46.6834
2870,"sao paulo",SP,-23.4614,-46.6773
2871,"sao paulo",SP,-23.4628,-46.6754
2872,"sao paulo",SP,-23.4624,-46.6717
2873,"são paulo",SP,-23.4571,-46.6824
2874,"sao paulo",SP,-23.4626,-46.6764
2875,"sao paulo",SP,-23.4616,-46.6819
2876,"sao paulo",SP,-23.4591,-46.6926
2877,"sao paulo",SP,-23.4594,-46.6832
2878,"sao paulo",SP,-23.4520,-46.6871
2879,"sao paulo",SP,-23.4489,-46.6977
2880,"sao paulo",SP,-23.4667,-46.6722
2881,"sao paulo",SP,-23.4666,-46.6750
2882,"são paulo",SP,-23.4706,-46.6681
2883,"sao paulo",SP,-23.4465,-46.7015
2888,"sao paulo",SP,-23.4659,-46.6749
2908,"sao paulo",SP,-23.5020,-46.7002
2909,"sao paulo",SP,-23.5071,-46.6989
2910,"sao paulo",SP,-23.5052,-46.6994
2911,"sao paulo",SP,-23.5040,-46.7021
2912,"sao paulo",SP,-23.5055,-46.7085
2913,"sao paulo",SP,-23.5035,-46.7129
2914,"sao paulo",SP,-23.5032,-46.7095
2915,"sao paulo",SP,-23.4980,-46.7079
2916,"sao paulo",SP,-23.4943,-46.7139
2917,"sao paulo",SP,-23.4980,-46.7131
2918,"sao paulo",SP,-23.4959,-46.7169
2919,"são paulo",SP,-23.4993,-46.7144
2920,"são paulo",SP,-23.4902,-46.7214
2921,"sao paulo",SP,-23.4887,-46.7238
2924,"sao paulo",SP,-23.4995,-46.7074
2925,"sao paulo",SP,-23.5019,-46.6985
2926,"sao paulo",SP,-23.5000,-46.7016
2927,"são paulo",SP,-23.4977,-46.7038
2928,"sao paulo",SP,-23.5089,-46.6811
2929,"sao paulo",SP,-23.4927,-46.7063
2930,"sao paulo",SP,-23.4908,-46.7080
2931,"sao paulo",SP,-23.4973,-46.7096
2932,"sao paulo",SP,-23.4908,-46.7114
2933,"são paulo",SP,-23.4930,-46.7128
2934,"sao paulo",SP,-23.4868,-46.7053
2935,"são paulo",SP,-23.4889,-46.7167
2936,"sao paulo",SP,-23.4860,-46.7179
2937,"sao paulo",SP,-23.4850,-46.7209
2938,"sao paulo",SP,-23.4588,-46.7221
2939,"são paulo",SP,-23.4832,-46.7299
2940,"sao paulo",SP,-23.4802,-46.7238
2941,"sao paulo",SP,-23.4788,-46.7227
2942,"sao paulo",SP,-23.4761,-46.7226
2943,"sao paulo",SP,-23.4767,-46.7250
2944,"sao paulo",SP,-23.4753,-46.7261
2945,"sao paulo",SP,-23.4837,-46.7267
2950,"sao paulo",SP,-23.4785,-46.7191
2951,"sao paulo",SP,-23.4737,-46.7221
2952,"sao paulo",SP,-23.4726,-46.7135
2955,"sao paulo",SP,-23.4682,-46.7203
2956,"sao paulo",SP,-23.4687,-46.7225
2957,"sao paulo",SP,-23.4669,-46.7224
2959,"sao paulo",SP,-23.4925,-46.7001
2960,"sao paulo",SP,-23.4952,-46.7011
2961,"sao paulo",SP,-23.4925,-46.6996
2962,"sao paulo",SP,-23.4894,-46.7023
2963,"sao paulo",SP,-23.5049,-46.6826
2964,"sao paulo",SP,-23.4855,-46.7056
2965,"sao paulo",SP,-23.4837,-46.7047
2966,"sao paulo",SP,-23.4713,-46.7096
2967,"sao paulo",SP,-23.4810,-46.7042
2968,"sao paulo",SP,-23.4793,-46.7077
2969,"sao paulo",SP,-23.4921,-46.7106
2970,"sao paulo",SP,-23.4828,-46.7149
2971,"são paulo",SP,-23.4849,-46.7083
2972,"sao paulo",SP,-23.4812,-46.7105
2975,"são paulo",SP,-23.4781,-46.7114
2976,"sao paulo",SP,-23.4761,-46.7158
2977,"sao paulo",SP,-23.4708,-46.7144
2978,"sao paulo",SP,-23.4736,-46.7068
2979,"sao paulo",SP,-23.4760,-46.6981
2981,"são paulo",SP,-23.4600,-46.7172
2982,"são paulo",SP,-23.4543,-46.7159
2983,"são paulo",SP,-23.4522,-46.7188
2984,"sao paulo",SP,-23.4450,-46.7206
2985,"sao paulo",SP,-23.4420,-46.7194
2986,"sao paulo",SP,-23.4340,-46.7145
2987,"sao paulo",SP,-23.4351,-46.7053
2988,"são paulo",SP,-23.6084,-46.7404
2989,"sao paulo",SP,-23.4338,-46.7210
2990,"sao paulo",SP,-23.4448,-46.7276
2991,"sao paulo",SP,-23.4367,-46.7273
2992,"sao paulo",SP,-23.4488,-46.7288
2993,"sao paulo",SP,-23.4540,-46.7319
2994,"são paulo",SP,-23.4571,-46.7348
2995,"sao paulo",SP,-23.4443,-46.7390
2996,"sao paulo",SP,-23.4418,-46.7396
2997,"sao paulo",SP,-23.5353,-46.6807
2998,"são paulo",SP,-23.4435,-46.7278
3001,"sao paulo",SP,-23.5417,-46.6147
3002,"sao paulo",SP,-23.5450,-46.6203
3003,"sao paulo",SP,-23.5454,-46.6237
3004,"sao paulo",SP,-23.5440,-46.6217
3005,"sao paulo",SP,-23.5427,-46.6248
3006,"sao paulo",SP,-23.5418,-46.6246
3007,"sao paulo",SP,-23.5412,-46.6264
3008,"sao paulo",SP,-23.5426,-46.6205
3009,"sao paulo",SP,-23.5362,-46.6206
3010,"sao paulo",SP,-23.5370,-46.6186
3011,"sao paulo",SP,-23.5383,-46.6151
3012,"sao paulo",SP,-23.5408,-46.6154
3013,"são paulo",SP,-23.5353,-46.6143
3014,"são paulo",SP,-23.5385,-46.6020
3015,"sao paulo",SP,-23.5374,-46.5960
3016,"sao paulo",SP,-23.5371,-46.6151
3017,"sao paulo",SP,-23.5366,-46.6109
3018,"são paulo",SP,-23.5323,-46.6113
3019,"sao paulo",SP,-23.5334,-46.6050
3020,"sao paulo",SP,-23.5333,-46.6021
3021,"sao paulo",SP,-23.5310,-46.6008
3022,"sao paulo",SP,-23.5259,-46.6049
3023,"sao paulo",SP,-23.5323,-46.6108
3024,"sao paulo",SP,-23.5304,-46.6095
3025,"sao paulo",SP,-23.5351,-46.6096
3026,"sao paulo",SP,-23.5314,-46.6111
3027,"sao paulo",SP,-23.5342,-46.6137
3028,"são paulo",SP,-23.5273,-46.6115
3029,"sao paulo",SP,-23.5298,-46.6182
3030,"sao paulo",SP,-23.5268,-46.6184
3031,"sao paulo",SP,-23.5319,-46.6206
3032,"são paulo",SP,-23.5311,-46.6216
3033,"sao paulo",SP,-23.5296,-46.6242
3034,"sao paulo",SP,-23.5230,-46.6174
3035,"são paulo",SP,-23.5256,-46.6147
3036,"são paulo",SP,-23.5196,-46.6186
3040,"sao paulo",SP,-23.5499,-46.6230
3041,"sao paulo",SP,-23.5492,-46.6199
3042,"sao paulo",SP,-23.5487,-46.6184
3043,"são paulo",SP,-23.5473,-46.6171
3044,"sao paulo",SP,-23.5517,-46.6209
3045,"sao paulo",SP,-23.5428,-46.6025
3046,"sao paulo",SP,-23.5443,-46.6156
3047,"são paulo",SP,-23.5421,-46.6057
3050,"sao paulo",SP,-23.5441,-46.6127
3051,"são paulo",SP,-23.5454,-46.6084
3052,"sao paulo",SP,-23.5407,-46.6071
3053,"são paulo",SP,-23.5442,-46.6071
3054,"sao paulo",SP,-23.5423,-46.6038
3055,"são paulo",SP,-23.5406,-46.5994
3057,"sao paulo",SP,-23.5412,-46.5968
3058,"sao paulo",SP,-23.5391,-46.5906
3059,"sao paulo",SP,-23.5402,-46.5917
3060,"são paulo",SP,-23.5384,-46.5870
3061,"sao paulo",SP,-23.5403,-46.5850
3062,"sao paulo",SP,-23.5411,-46.5894
3063,"sao paulo",SP,-23.5324,-46.5643
3064,"sao paulo",SP,-23.5333,-46.5698
3065,"sao paulo",SP,-23.5374,-46.5789
3066,"sao paulo",SP,-23.5374,-46.5767
3067,"são paulo",SP,-23.5378,-46.5734
3068,"sao paulo",SP,-23.5367,-46.5681
3069,"sao paulo",SP,-23.5354,-46.5654
3070,"são paulo",SP,-23.5384,-46.5691
3071,"sao paulo",SP,-23.5340,-46.5615
3072,"sao paulo",SP,-23.5344,-46.5570
3073,"são paulo",SP,-23.5318,-46.5557
3074,"são paulo",SP,-23.5222,-46.5646
3076,"sao paulo",SP,-23.5378,-46.5820
3077,"sao paulo",SP,-23.5317,-46.5807
3080,"sao paulo",SP,-23.5329,-46.5785
3081,"sao paulo",SP,-23.5316,-46.5755
3084,"sao paulo",SP,-23.5335,-46.5709
3085,"são paulo",SP,-23.5331,-46.5685
3086,"sao paulo",SP,-23.5303,-46.5671
3087,"sao paulo",SP,-23.5304,-46.5660
3088,"sao paulo",SP,-23.5269,-46.5619
3089,"sao paulo",SP,-23.5310,-46.5610
3090,"sao paulo",SP,-23.5284,-46.5579
